{
  "bi_encoder": {
    "hit_at_3": 90.9090909090909,
    "mrr": 79.0909090909091,
    "precision_at_3": 65.15151515151516,
    "avg_response_time": 16.06294241818515
  },
  "hybrid": {
    "hit_at_3": 100.0,
    "mrr": 94.69696969696972,
    "precision_at_3": 83.33333333333336,
    "avg_response_time": 126.67001377452503
  }
}