{
  "bi_encoder": {
    "hit_at_3": 86.36363636363636,
    "mrr": 78.71212121212122,
    "precision_at_3": 63.63636363636363,
    "avg_response_time": 28.492396528070625
  },
  "hybrid": {
    "hit_at_3": 100.0,
    "mrr": 94.69696969696972,
    "precision_at_3": 80.30303030303031,
    "avg_response_time": 49.37249963933771
  }
}